{
    "Lattice_Table_1": [
        {
            "Page: 11": NaN,
            "Unnamed: 1": "Key\nOur engagement with our customers continues \nthroughout the year through surveys or focus groups, \n Focus groups\nwhere we regularly ask our customers opinions on things \n Survey\nthat matter most. As we progress through our planning \nof the next regulatory period, our engagement has gone \n Customer panel forum\nfurther, whilst also taking feedback from our unique \nWaterShare+ panel.\nApril 2023\nMay 2023\nJune 2023\n  Drought (Cornwall) post-event \n  Social tariff research  \n  WRMP testing: customer feedback\nresearch\n  Customer satisfaction & affordability  \n  Business Plan Testing \u2013 targets \n  Bespoke PCs\nto 2050  \n  Drought (Devon) post-event research  \n  Sewer misuse awareness and \n  Your water, your say: proposed \nbehaviours\nbusiness plan\n  WaterFit Live & testing SBB \nleakage journey"
        },
        {
            "Page: 11": NaN,
            "Unnamed: 1": NaN
        },
        {
            "Page: 11": NaN,
            "Unnamed: 1": "September 2023\nAugust 2023\nOctober 2023\n  Affordability and Acceptability \n  Customer satisfaction & \n  Customer AGM\nTesting: revised business plan  \naffordability  \n  Social tariff research  \n  Post-event research quarterly \n  Affordability and Acceptability \nreview  \nTesting: proposed business \nplan  \nNovember 2023\nDecember 2023\nJanuary 2024\n  Customer satisfaction & \n  Institute of Customer Service \n  Customer satisfaction  \naffordability  \n  Post-event research quarterly \n  \u2018In Their Shoes\u2019 customer \n  Your water, your say: business \nreview  \nsatisfaction  \nplan feedback  \nFebruary 2024\nMarch 2024\nMay 2024\nApril 2024\n  Youth Board  \n  \u2018The Drop\u2019 (SWB) customer \n  Vulnerability strategy \n  Isles of Scilly investment  \nmagazine  \nresearch  \n  Customer satisfaction & \n  \u2018The Drop\u2019 (Bristol) online \naffordability  \n  \u2018In Their Shoes\u2019 customer \n  Service satisfaction online \npanel  \nsatisfaction  \npanel  \n  \u2018In Their Shoes\u2019 customer \n  \u2018In Their Shoes\u2019 customer \nsatisfaction  \n  Post-event research \n  EPA research  \nsatisfaction  \nquarterly review  \n  WaterFit Live testing"
        }
    ],
    "Lattice_Table_2": [
        {
            "Page: 14": NaN,
            "Unnamed: 1": "Our environment"
        }
    ],
    "Lattice_Table_3": [],
    "Lattice_Table_4": [],
    "Lattice_Table_5": [],
    "Lattice_Table_6": [
        {
            "Page: 78": NaN,
            "Unnamed: 1": "Gill \nName \nRider",
            "Unnamed: 2": "Iain Evans \nClaire \nJon \nDorothy \nLoraine \nCBE\nIghodaro \nButterworth \nBurwell\nWoodhouse\nCBE\nMBE",
            "Unnamed: 3": "Susan Davy",
            "Unnamed: 4": "John Halsall",
            "Unnamed: 5": "Laura \nFlowerdew"
        },
        {
            "Page: 78": NaN,
            "Unnamed: 1": "Chair\nPosition",
            "Unnamed: 2": "Independent Non-Executive Directors",
            "Unnamed: 3": "Chief \nExecutive \nOfficer",
            "Unnamed: 4": "Chief \nOperating \nOfficer",
            "Unnamed: 5": "Chief Financial \nOfficer"
        },
        {
            "Page: 78": NaN,
            "Unnamed: 1": "Signed",
            "Unnamed: 2": NaN,
            "Unnamed: 3": NaN,
            "Unnamed: 4": NaN,
            "Unnamed: 5": NaN
        }
    ],
    "Lattice_Table_7": [],
    "Lattice_Table_8": [],
    "Lattice_Table_9": [],
    "Lattice_Table_10": [],
    "Lattice_Table_11": [
        {
            "Page: 217": NaN,
            "Unnamed: 1": NaN,
            "Unnamed: 2": NaN,
            "Unnamed: 3": NaN,
            "Unnamed: 4": NaN,
            "Unnamed: 5": "82.88%"
        }
    ]
}