{
    "metadata": [
        {
            "Page": 99,
            "Table Index": 1,
            "Table Header": "Narrative Report and Financial Review, , , ",
            "Page Header": "N/A",
            "Notes Mentioned": "None"
        },
        {
            "Page": 100,
            "Table Index": 2,
            "Table Header": "Narrative Report and Financial Review (continued), , , ",
            "Page Header": "N/A",
            "Notes Mentioned": "None"
        },
        {
            "Page": 101,
            "Table Index": 3,
            "Table Header": "Narrative Report and Financial Review (continued), , , ",
            "Page Header": "N/A",
            "Notes Mentioned": "Note 8, Note 9"
        },
        {
            "Page": 101,
            "Table Index": 4,
            "Table Header": "Group surplus after tax per the Comprehensive Income, 393",
            "Page Header": "N/A",
            "Notes Mentioned": "Note 2"
        },
        {
            "Page": 102,
            "Table Index": 5,
            "Table Header": "Narrative Report and Financial Review (continued), , , , , , , , , , ",
            "Page Header": "N/A",
            "Notes Mentioned": "None"
        },
        {
            "Page": 103,
            "Table Index": 6,
            "Table Header": "160",
            "Page Header": "N/A",
            "Notes Mentioned": "None"
        },
        {
            "Page": 104,
            "Table Index": 7,
            "Table Header": ", Narrative Report and Financial Review (continued), , , ",
            "Page Header": "N/A",
            "Notes Mentioned": "None"
        },
        {
            "Page": 105,
            "Table Index": 8,
            "Table Header": "Prudential borrowing, , Gross expenditure, , , ",
            "Page Header": "N/A",
            "Notes Mentioned": "Note 2"
        },
        {
            "Page": 106,
            "Table Index": 9,
            "Table Header": "Narrative Report and Financial Review (continued), , , , , , , , , , ",
            "Page Header": "N/A",
            "Notes Mentioned": "Note 2"
        },
        {
            "Page": 107,
            "Table Index": 10,
            "Table Header": "Narrative Report and Financial Review (continued), , ",
            "Page Header": "N/A",
            "Notes Mentioned": "None"
        },
        {
            "Page": 108,
            "Table Index": 11,
            "Table Header": ", Narrative Report and Financial Review (continued), , , , , , , , , , ",
            "Page Header": "N/A",
            "Notes Mentioned": "None"
        },
        {
            "Page": 109,
            "Table Index": 12,
            "Table Header": "Narrative Report and Financial Review (continued), , , ",
            "Page Header": "N/A",
            "Notes Mentioned": "None"
        },
        {
            "Page": 110,
            "Table Index": 13,
            "Table Header": "Narrative Report and Financial Review (continued), , , ",
            "Page Header": "N/A",
            "Notes Mentioned": "None"
        },
        {
            "Page": 111,
            "Table Index": 14,
            "Table Header": "Narrative Report and Financial Review (continued), , , ",
            "Page Header": "N/A",
            "Notes Mentioned": "None"
        },
        {
            "Page": 112,
            "Table Index": 15,
            "Table Header": "Narrative Report and Financial Review (continued), , , , , ",
            "Page Header": "N/A",
            "Notes Mentioned": "None"
        },
        {
            "Page": 113,
            "Table Index": 16,
            "Table Header": "Risk, Title, Key mitigations, Risk, Title, Key mitigations",
            "Page Header": "N/A",
            "Notes Mentioned": "None"
        },
        {
            "Page": 114,
            "Table Index": 17,
            "Table Header": "Streamlined Energy and Carbon Reporting, , , , ",
            "Page Header": "N/A",
            "Notes Mentioned": "None"
        },
        {
            "Page": 115,
            "Table Index": 18,
            "Table Header": "moving to make the city as safe,, , ",
            "Page Header": "N/A",
            "Notes Mentioned": "None"
        },
        {
            "Page": 116,
            "Table Index": 19,
            "Table Header": "Narrative Report and Financial Review (continued), , , ",
            "Page Header": "N/A",
            "Notes Mentioned": "None"
        },
        {
            "Page": 117,
            "Table Index": 20,
            "Table Header": "Narrative Report and Financial Review (continued), , , ",
            "Page Header": "N/A",
            "Notes Mentioned": "None"
        },
        {
            "Page": 118,
            "Table Index": 21,
            "Table Header": "Narrative Report and Financial Review (continued), , ",
            "Page Header": "N/A",
            "Notes Mentioned": "None"
        },
        {
            "Page": 118,
            "Table Index": 22,
            "Table Header": "ultimately sets TfL on the path to achieve, expenditure. In the scenario analysis,, 1.  Greenhouse gas emissions",
            "Page Header": "N/A",
            "Notes Mentioned": "None"
        },
        {
            "Page": 119,
            "Table Index": 23,
            "Table Header": "Extract from TfL natural capital balance sheet, PV60 \u00a3m, , , , , , ",
            "Page Header": "N/A",
            "Notes Mentioned": "None"
        },
        {
            "Page": 120,
            "Table Index": 24,
            "Table Header": "Narrative Report and Financial Review (continued), , ",
            "Page Header": "N/A",
            "Notes Mentioned": "None"
        },
        {
            "Page": 120,
            "Table Index": 25,
            "Table Header": "to a number of existing risks within our, Assessment, which was published in 2021., and opportunities for scenario analysis",
            "Page Header": "N/A",
            "Notes Mentioned": "None"
        },
        {
            "Page": 121,
            "Table Index": 26,
            "Table Header": "Seven selected climate- and nature-related risks and opportunities, , , , , ",
            "Page Header": "N/A",
            "Notes Mentioned": "None"
        },
        {
            "Page": 122,
            "Table Index": 27,
            "Table Header": ", , , , Management of risks and opportunities",
            "Page Header": "N/A",
            "Notes Mentioned": "None"
        },
        {
            "Page": 122,
            "Table Index": 28,
            "Table Header": ", , party\u00a0investment",
            "Page Header": "N/A",
            "Notes Mentioned": "None"
        },
        {
            "Page": 123,
            "Table Index": 29,
            "Table Header": "Narrative Report and Financial Review (continued), , , , ",
            "Page Header": "N/A",
            "Notes Mentioned": "None"
        },
        {
            "Page": 124,
            "Table Index": 30,
            "Table Header": "Narrative Report and Financial Review (continued), , , ",
            "Page Header": "N/A",
            "Notes Mentioned": "None"
        },
        {
            "Page": 125,
            "Table Index": 31,
            "Table Header": "Narrative Report and Financial Review (continued), , ",
            "Page Header": "N/A",
            "Notes Mentioned": "None"
        },
        {
            "Page": 125,
            "Table Index": 32,
            "Table Header": "report on our carbon emissions and energy, Plan sets out short-, medium- and long-, climate, resources, and external variables,",
            "Page Header": "N/A",
            "Notes Mentioned": "None"
        },
        {
            "Page": 126,
            "Table Index": 33,
            "Table Header": "Narrative Report and Financial Review (continued), , , ",
            "Page Header": "N/A",
            "Notes Mentioned": "None"
        },
        {
            "Page": 126,
            "Table Index": 34,
            "Table Header": "Narrative Report and Financial Review (continued), , , ",
            "Page Header": "N/A",
            "Notes Mentioned": "None"
        },
        {
            "Page": 127,
            "Table Index": 35,
            "Table Header": "Narrative Report and Financial Review (continued), , , Statement of Responsibilities for the Accounts",
            "Page Header": "N/A",
            "Notes Mentioned": "None"
        },
        {
            "Page": 128,
            "Table Index": 36,
            "Table Header": ", Independent Auditor\u2019s Report to the Members of Transport for London, , ",
            "Page Header": "N/A",
            "Notes Mentioned": "None"
        },
        {
            "Page": 129,
            "Table Index": 37,
            "Table Header": ", Independent Auditor\u2019s Report to the Members of Transport for London (continued), , ",
            "Page Header": "N/A",
            "Notes Mentioned": "None"
        },
        {
            "Page": 130,
            "Table Index": 38,
            "Table Header": "Independent Auditor\u2019s Report to the, ",
            "Page Header": "N/A",
            "Notes Mentioned": "None"
        },
        {
            "Page": 131,
            "Table Index": 39,
            "Table Header": "including those over apportionment.",
            "Page Header": "N/A",
            "Notes Mentioned": "None"
        },
        {
            "Page": 131,
            "Table Index": 40,
            "Table Header": "Fares revenue, , ",
            "Page Header": "N/A",
            "Notes Mentioned": "None"
        },
        {
            "Page": 132,
            "Table Index": 41,
            "Table Header": "Capital projects, , ",
            "Page Header": "N/A",
            "Notes Mentioned": "None"
        },
        {
            "Page": 133,
            "Table Index": 42,
            "Table Header": "Property valuation, , ",
            "Page Header": "N/A",
            "Notes Mentioned": "None"
        },
        {
            "Page": 134,
            "Table Index": 43,
            "Table Header": ", Independent Auditor\u2019s Report to the Members of Transport for London (continued), , ",
            "Page Header": "N/A",
            "Notes Mentioned": "None"
        },
        {
            "Page": 134,
            "Table Index": 44,
            "Table Header": ", Independent Auditor\u2019s Report to the Members of Transport for London (continued), , ",
            "Page Header": "N/A",
            "Notes Mentioned": "None"
        },
        {
            "Page": 135,
            "Table Index": 45,
            "Table Header": ", Independent Auditor\u2019s Report to the Members of Transport for London (continued), , ",
            "Page Header": "N/A",
            "Notes Mentioned": "None"
        },
        {
            "Page": 135,
            "Table Index": 46,
            "Table Header": ", Independent Auditor\u2019s Report to the Members of Transport for London (continued), , ",
            "Page Header": "N/A",
            "Notes Mentioned": "None"
        },
        {
            "Page": 136,
            "Table Index": 47,
            "Table Header": ", Independent Auditor\u2019s Report to the Members of Transport for London (continued), , ",
            "Page Header": "N/A",
            "Notes Mentioned": "None"
        },
        {
            "Page": 137,
            "Table Index": 48,
            "Table Header": "Independent Auditor\u2019s Report to the, ",
            "Page Header": "N/A",
            "Notes Mentioned": "None"
        },
        {
            "Page": 138,
            "Table Index": 49,
            "Table Header": ", , Gross, , , Gross, , , , , Gross, , , Gross, , ",
            "Page Header": "N/A",
            "Notes Mentioned": "None"
        },
        {
            "Page": 139,
            "Table Index": 50,
            "Table Header": "Group Balance Sheet, , , , , , , ",
            "Page Header": "N/A",
            "Notes Mentioned": "None"
        },
        {
            "Page": 140,
            "Table Index": 51,
            "Table Header": ", , , , General, , , , , , Share of, ",
            "Page Header": "N/A",
            "Notes Mentioned": "None"
        },
        {
            "Page": 141,
            "Table Index": 52,
            "Table Header": "Earmarked Reserve have been established, Adjustments between group and, , , , ",
            "Page Header": "N/A",
            "Notes Mentioned": "Note 38"
        },
        {
            "Page": 142,
            "Table Index": 53,
            "Table Header": ", , 2024, 2023",
            "Page Header": "N/A",
            "Notes Mentioned": "None"
        },
        {
            "Page": 143,
            "Table Index": 54,
            "Table Header": ", , 31 March, 31 March, , , 31 March, 31 March",
            "Page Header": "N/A",
            "Notes Mentioned": "None"
        },
        {
            "Page": 144,
            "Table Index": 55,
            "Table Header": ", , , , General Fund, , Capital grants, , , ",
            "Page Header": "N/A",
            "Notes Mentioned": "None"
        },
        {
            "Page": 145,
            "Table Index": 56,
            "Table Header": ", Corporation Statement of Cash Flows, , ",
            "Page Header": "N/A",
            "Notes Mentioned": "None"
        },
        {
            "Page": 146,
            "Table Index": 57,
            "Table Header": "Accounting Policies, , , ",
            "Page Header": "N/A",
            "Notes Mentioned": "None"
        },
        {
            "Page": 147,
            "Table Index": 58,
            "Table Header": "Accounting Policies (continued), , , ",
            "Page Header": "N/A",
            "Notes Mentioned": "Note 10, Note 38"
        },
        {
            "Page": 147,
            "Table Index": 59,
            "Table Header": "Accounting Policies (continued), , , ",
            "Page Header": "N/A",
            "Notes Mentioned": "Note 10, Note 38, Note 37"
        },
        {
            "Page": 148,
            "Table Index": 60,
            "Table Header": "Accounting Policies (continued), , , ",
            "Page Header": "N/A",
            "Notes Mentioned": "None"
        },
        {
            "Page": 149,
            "Table Index": 61,
            "Table Header": "Accounting Policies (continued), , , ",
            "Page Header": "N/A",
            "Notes Mentioned": "Note 35"
        },
        {
            "Page": 150,
            "Table Index": 62,
            "Table Header": "Accounting Policies (continued), , , ",
            "Page Header": "N/A",
            "Notes Mentioned": "None"
        },
        {
            "Page": 151,
            "Table Index": 63,
            "Table Header": "Accounting Policies (continued), , , ",
            "Page Header": "N/A",
            "Notes Mentioned": "Note 2"
        },
        {
            "Page": 152,
            "Table Index": 64,
            "Table Header": "Accounting Policies (continued), , , ",
            "Page Header": "N/A",
            "Notes Mentioned": "None"
        },
        {
            "Page": 153,
            "Table Index": 65,
            "Table Header": "Accounting Policies (continued), , , ",
            "Page Header": "N/A",
            "Notes Mentioned": "None"
        },
        {
            "Page": 154,
            "Table Index": 66,
            "Table Header": "Accounting Policies (continued), , ",
            "Page Header": "N/A",
            "Notes Mentioned": "Note 16"
        },
        {
            "Page": 155,
            "Table Index": 67,
            "Table Header": "Accounting Policies (continued), , , ",
            "Page Header": "N/A",
            "Notes Mentioned": "None"
        },
        {
            "Page": 155,
            "Table Index": 68,
            "Table Header": "Accounting Policies (continued), , , ",
            "Page Header": "N/A",
            "Notes Mentioned": "None"
        },
        {
            "Page": 156,
            "Table Index": 69,
            "Table Header": "Accounting Policies (continued), , ",
            "Page Header": "N/A",
            "Notes Mentioned": "None"
        },
        {
            "Page": 157,
            "Table Index": 70,
            "Table Header": "Accounting Policies (continued), , , ",
            "Page Header": "N/A",
            "Notes Mentioned": "None"
        },
        {
            "Page": 158,
            "Table Index": 71,
            "Table Header": "Accounting Policies (continued), , , ",
            "Page Header": "N/A",
            "Notes Mentioned": "None"
        },
        {
            "Page": 159,
            "Table Index": 72,
            "Table Header": "Accounting Policies (continued), , , ",
            "Page Header": "N/A",
            "Notes Mentioned": "None"
        },
        {
            "Page": 159,
            "Table Index": 73,
            "Table Header": "Accounting Policies (continued), , , ",
            "Page Header": "N/A",
            "Notes Mentioned": "None"
        },
        {
            "Page": 160,
            "Table Index": 74,
            "Table Header": "Accounting Policies (continued), , , ",
            "Page Header": "N/A",
            "Notes Mentioned": "None"
        },
        {
            "Page": 161,
            "Table Index": 75,
            "Table Header": "Accounting Policies (continued), , , ",
            "Page Header": "N/A",
            "Notes Mentioned": "None"
        },
        {
            "Page": 162,
            "Table Index": 76,
            "Table Header": "Estimate/judgement, Explanation",
            "Page Header": "N/A",
            "Notes Mentioned": "None"
        },
        {
            "Page": 163,
            "Table Index": 77,
            "Table Header": "a) Group gross service income, , , , , b) Corporation gross service income, , , , ",
            "Page Header": "N/A",
            "Notes Mentioned": "None"
        },
        {
            "Page": 164,
            "Table Index": 78,
            "Table Header": ", Group and, Group and, , Group and, Group and",
            "Page Header": "N/A",
            "Notes Mentioned": "None"
        },
        {
            "Page": 165,
            "Table Index": 79,
            "Table Header": "2. Segmental analysis, ",
            "Page Header": "N/A",
            "Notes Mentioned": "Note 3"
        },
        {
            "Page": 166,
            "Table Index": 80,
            "Table Header": ", , Items included in the, Items included, , , ",
            "Page Header": "N/A",
            "Notes Mentioned": "None"
        },
        {
            "Page": 167,
            "Table Index": 81,
            "Table Header": ", Internal reports, Items included in the, Items included in the, , Items with different, Group Comprehensive",
            "Page Header": "N/A",
            "Notes Mentioned": "None"
        },
        {
            "Page": 168,
            "Table Index": 82,
            "Table Header": "2c) Detailed reconciliation of segmental, \u2022  The internal management report\u2019s, \u2022  The internal management report\u2019s, \u2022  The results of joint ventures and",
            "Page Header": "N/A",
            "Notes Mentioned": "None"
        },
        {
            "Page": 169,
            "Table Index": 83,
            "Table Header": "Notes to the Financial Statements",
            "Page Header": "N/A",
            "Notes Mentioned": "None"
        },
        {
            "Page": 169,
            "Table Index": 84,
            "Table Header": ", , 2024, 2024, 2023, 2023, , , 2024, 2024, 2023, 2023",
            "Page Header": "N/A",
            "Notes Mentioned": "None"
        },
        {
            "Page": 170,
            "Table Index": 85,
            "Table Header": ", For the year ended 31 March 2024, , , For the year ended 31 March 2023, , ",
            "Page Header": "N/A",
            "Notes Mentioned": "None"
        },
        {
            "Page": 170,
            "Table Index": 86,
            "Table Header": ", , , Net expenditure, , , ",
            "Page Header": "N/A",
            "Notes Mentioned": "None"
        },
        {
            "Page": 171,
            "Table Index": 87,
            "Table Header": "Notes to the Financial Statements, , , , , , ",
            "Page Header": "N/A",
            "Notes Mentioned": "None"
        },
        {
            "Page": 172,
            "Table Index": 88,
            "Table Header": "and Expenditure Statement comprises:, , , , , , , The average number of persons employed in the year was:, , , ",
            "Page Header": "N/A",
            "Notes Mentioned": "None"
        },
        {
            "Page": 173,
            "Table Index": 89,
            "Table Header": "Remuneration (\u00a3), Group 2024, Group 2023, Corporation 2024, Corporation 2023, Remuneration (\u00a3), Group 2024, Group 2023, Corporation 2024, Corporation 2023",
            "Page Header": "N/A",
            "Notes Mentioned": "None"
        },
        {
            "Page": 174,
            "Table Index": 90,
            "Table Header": ", 6. Remuneration (continued), , , , ",
            "Page Header": "N/A",
            "Notes Mentioned": "None"
        },
        {
            "Page": 175,
            "Table Index": 91,
            "Table Header": ", *, salary, fees and allowances include an allowance paid as a result, *, salary, fees and allowances include an allowance paid as a result, *, salary, fees and allowances include an allowance paid as a result, *, salary, fees and allowances include an allowance paid as a result",
            "Page Header": "N/A",
            "Notes Mentioned": "None"
        },
        {
            "Page": 175,
            "Table Index": 92,
            "Table Header": ", , fees and, payments paid, for loss of, , pension, contribution, fees and, payments paid, pension",
            "Page Header": "N/A",
            "Notes Mentioned": "None"
        },
        {
            "Page": 175,
            "Table Index": 93,
            "Table Header": "*, salary, fees and allowances include an allowance paid as a result, **  the payment of performance awards for 2021/22 and 2022/23 was subject, c \nsalary sacrificed for holiday buy of \u00a33,577 (2022/23 \u00a3809).",
            "Page Header": "N/A",
            "Notes Mentioned": "None"
        },
        {
            "Page": 176,
            "Table Index": 94,
            "Table Header": ", , , Performance, , , Total, , , Performance, Total",
            "Page Header": "N/A",
            "Notes Mentioned": "None"
        },
        {
            "Page": 177,
            "Table Index": 95,
            "Table Header": ", , , Performance, , , Total, , , Performance, Total",
            "Page Header": "N/A",
            "Notes Mentioned": "None"
        },
        {
            "Page": 178,
            "Table Index": 96,
            "Table Header": ", , , Performance, , , Total, , , Performance, Total",
            "Page Header": "N/A",
            "Notes Mentioned": "None"
        },
        {
            "Page": 179,
            "Table Index": 97,
            "Table Header": "*, salary, fees and allowances include an allowance paid as a result",
            "Page Header": "* salary, fees and allowances include an allowance paid as a result | of the individual opting out of part or all of the benefits provided | by the TfL Savings for Retirement Plan or TfL Pension Fund. The",
            "Notes Mentioned": "None"
        },
        {
            "Page": 179,
            "Table Index": 98,
            "Table Header": "*, salary, fees and allowances include an allowance paid as a result, **  the payment of performance awards for 2021/22 and 2022/23 was subject, v, left service 2 January 2024",
            "Page Header": "* salary, fees and allowances include an allowance paid as a result | of the individual opting out of part or all of the benefits provided | by the TfL Savings for Retirement Plan or TfL Pension Fund. The",
            "Notes Mentioned": "None"
        },
        {
            "Page": 180,
            "Table Index": 99,
            "Table Header": ", Group 2024, Group 2024, Corporation 2024, Corporation 2024, Group 2023, Group 2023, Corporation 2023, Corporation 2023",
            "Page Header": "Notes to the Financial Statements | 6. Remuneration | (continued)",
            "Notes Mentioned": "None"
        },
        {
            "Page": 181,
            "Table Index": 100,
            "Table Header": ", Group, Group, Corporation, Corporation, , , Group, Group, Corporation, Corporation",
            "Page Header": "Notes to the Financial Statements | 7. Other operating expenditure 9. Financing and investment expenditure | Group Group Corporation Corporation Group Group Corporation Corporation",
            "Notes Mentioned": "None"
        },
        {
            "Page": 182,
            "Table Index": 101,
            "Table Header": ", , , , , TfL Corporation is exempt from Corporation Tax, but, , ",
            "Page Header": "Notes to the Financial Statements | 10. Grant income 11. Taxation | TfL Corporation is exempt from Corporation Tax, but",
            "Notes Mentioned": "None"
        },
        {
            "Page": 182,
            "Table Index": 102,
            "Table Header": ", , , , , , , Group 2024, Group 2023",
            "Page Header": "Notes to the Financial Statements | 10. Grant income 11. Taxation | TfL Corporation is exempt from Corporation Tax, but",
            "Notes Mentioned": "None"
        },
        {
            "Page": 183,
            "Table Index": 103,
            "Table Header": "of the following items:, , , to the extent that they are considered available, , , , ",
            "Page Header": "Notes to the Financial Statements | 11. Taxation | (continued)",
            "Notes Mentioned": "None"
        },
        {
            "Page": 184,
            "Table Index": 104,
            "Table Header": "11. Taxation (continued), , , , , , ",
            "Page Header": "Notes to the Financial Statements | 11. Taxation | (continued)",
            "Notes Mentioned": "None"
        },
        {
            "Page": 185,
            "Table Index": 105,
            "Table Header": "a) Group intangible assets, , , , , , b) Corporation intangible assets, , , , ",
            "Page Header": "Notes to the Financial Statements | 12. Intangible assets | a) Group intangible assets b) Corporation intangible assets",
            "Notes Mentioned": "None"
        },
        {
            "Page": 186,
            "Table Index": 106,
            "Table Header": "comprised the following elements:, , , , , , , ",
            "Page Header": "Notes to the Financial Statements | 13. Property, plant and equipment | a) Group property, plant and equipment at 31 March 2024",
            "Notes Mentioned": "None"
        },
        {
            "Page": 187,
            "Table Index": 107,
            "Table Header": ", , Office, , Rolling, Plant and, Assets under, ",
            "Page Header": "Notes to the Financial Statements | 13. Property, plant and equipment | (continued)",
            "Notes Mentioned": "None"
        },
        {
            "Page": 188,
            "Table Index": 108,
            "Table Header": "Notes to the Financial Statements, , , , , ",
            "Page Header": "Notes to the Financial Statements | 13. Property, plant and equipment | (continued)",
            "Notes Mentioned": "Note 28"
        },
        {
            "Page": 189,
            "Table Index": 109,
            "Table Header": "Notes to the Financial Statements, , , , , , , , ",
            "Page Header": "Notes to the Financial Statements | 13. Property, plant and equipment | (continued)",
            "Notes Mentioned": "None"
        },
        {
            "Page": 190,
            "Table Index": 110,
            "Table Header": "h) Corporation property, plant and equipment at 31 March 2023, , , , , , , ",
            "Page Header": "Notes to the Financial Statements | 13. Property, plant and equipment | (continued)",
            "Notes Mentioned": "None"
        },
        {
            "Page": 191,
            "Table Index": 111,
            "Table Header": "Notes to the Financial Statements",
            "Page Header": "Notes to the Financial Statements | 13. Property, plant and equipment | (continued)",
            "Notes Mentioned": "None"
        },
        {
            "Page": 191,
            "Table Index": 112,
            "Table Header": "i) Corporation PFI assets, , , , ",
            "Page Header": "Notes to the Financial Statements | 13. Property, plant and equipment | (continued)",
            "Notes Mentioned": "None"
        },
        {
            "Page": 192,
            "Table Index": 113,
            "Table Header": ", , Infrastructure, , , , , , , , Infrastructure, , , , , ",
            "Page Header": "Notes to the Financial Statements | 14. Right-of-use assets and related lease liabilities | This Note provides information for leases",
            "Notes Mentioned": "None"
        },
        {
            "Page": 193,
            "Table Index": 114,
            "Table Header": "c) Group lease liabilities in relation, , , e) Analysis of amounts included in the Group Comprehensive, , , ",
            "Page Header": "Notes to the Financial Statements | 14. Right-of-use assets and related lease liabilities | (continued)",
            "Notes Mentioned": "None"
        },
        {
            "Page": 194,
            "Table Index": 115,
            "Table Header": "Notes to the Financial Statements, , , , , , ",
            "Page Header": "Notes to the Financial Statements | 14. Right-of-use assets and related lease liabilities | (continued)",
            "Notes Mentioned": "None"
        },
        {
            "Page": 195,
            "Table Index": 116,
            "Table Header": "j) Corporation right-of-use assets at 31 March 2023, , , , , l) Corporation maturity analysis of, , ",
            "Page Header": "Notes to the Financial Statements | 14. Right-of-use assets and related lease liabilities | (continued)",
            "Notes Mentioned": "None"
        },
        {
            "Page": 195,
            "Table Index": 117,
            "Table Header": ", , , m) Analysis of amounts included in the Corporation, , , ",
            "Page Header": "Notes to the Financial Statements | 14. Right-of-use assets and related lease liabilities | (continued)",
            "Notes Mentioned": "None"
        },
        {
            "Page": 196,
            "Table Index": 118,
            "Table Header": "lease liabilities (continued), , , , ",
            "Page Header": "Notes to the Financial Statements | 14. Right-of-use assets and related 15. Operating leases \u2013 as a lessor | lease liabilities",
            "Notes Mentioned": "None"
        },
        {
            "Page": 197,
            "Table Index": 119,
            "Table Header": ", , , , Reconciliation between the fair value of the investment property, , ",
            "Page Header": "Notes to the Financial Statements | 16. Investment properties | Reconciliation between the fair value of the investment property",
            "Notes Mentioned": "None"
        },
        {
            "Page": 198,
            "Table Index": 120,
            "Table Header": ", , , , The key unobservable inputs into these valuations, , , , ",
            "Page Header": "Notes to the Financial Statements | 16. Investment properties | (continued)",
            "Notes Mentioned": "None"
        },
        {
            "Page": 199,
            "Table Index": 121,
            "Table Header": "Information about fair value measurements for the TfL Group, , , , , , , , , , , ",
            "Page Header": "Notes to the Financial Statements | 16. Investment properties | (continued)",
            "Notes Mentioned": "None"
        },
        {
            "Page": 200,
            "Table Index": 122,
            "Table Header": "17. Investments in subsidiaries, , ",
            "Page Header": "Notes to the Financial Statements | 17. Investments in subsidiaries | Corporation Corporation",
            "Notes Mentioned": "None"
        },
        {
            "Page": 201,
            "Table Index": 123,
            "Table Header": "Notes to the Financial Statements, , , ",
            "Page Header": "Notes to the Financial Statements | 17. Investments in subsidiaries | (continued)",
            "Notes Mentioned": "None"
        },
        {
            "Page": 202,
            "Table Index": 124,
            "Table Header": "Notes to the Financial Statements, , , , ",
            "Page Header": "Notes to the Financial Statements | 18. Investment in joint ventures | a) Connected Living London (BTR) Limited During 2023/24 the Group invested a Balance Sheet of CLL at the 100 per cent level",
            "Notes Mentioned": "None"
        },
        {
            "Page": 203,
            "Table Index": 125,
            "Table Header": "Total Group share of comprehensive income and expenditure for the year, (0.1)\n(0.7), , 37.7, -",
            "Page Header": "Notes to the Financial Statements | 18. Investment in joint ventures | (continued)",
            "Notes Mentioned": "None"
        },
        {
            "Page": 204,
            "Table Index": 126,
            "Table Header": "Notes to the Financial Statements, , , , ",
            "Page Header": "Notes to the Financial Statements | 18. Investment in joint ventures | (continued)",
            "Notes Mentioned": "None"
        },
        {
            "Page": 205,
            "Table Index": 127,
            "Table Header": "Notes to the Financial Statements, , , , ",
            "Page Header": "Notes to the Financial Statements | 18. Investment in joint ventures | (continued)",
            "Notes Mentioned": "None"
        },
        {
            "Page": 206,
            "Table Index": 128,
            "Table Header": "Notes to the Financial Statements, , , , ",
            "Page Header": "Notes to the Financial Statements | 18. Investment in joint ventures | (continued)",
            "Notes Mentioned": "None"
        },
        {
            "Page": 207,
            "Table Index": 129,
            "Table Header": "Notes to the Financial Statements, , , , ",
            "Page Header": "Notes to the Financial Statements | 18. Investment in joint ventures | (continued)",
            "Notes Mentioned": "None"
        },
        {
            "Page": 208,
            "Table Index": 130,
            "Table Header": "Notes to the Financial Statements, , , , ",
            "Page Header": "Notes to the Financial Statements | 19. Investment in associated undertakings | a) Earls Court Partnership Limited therefore been treated in these financial Reconciliation of net assets to amounts included",
            "Notes Mentioned": "None"
        },
        {
            "Page": 209,
            "Table Index": 131,
            "Table Header": "Group finance lease receivables, Finance lease receivables on the Balance, , , ",
            "Page Header": "Notes to the Financial Statements | 20. Finance lease receivables 21. Inventories | Group finance lease receivables Finance lease receivables on the Balance",
            "Notes Mentioned": "None"
        },
        {
            "Page": 210,
            "Table Index": 132,
            "Table Header": ", Group, Group, , Corporation, Corporation",
            "Page Header": "Notes to the Financial Statements | 22. Debtors | Group Group Corporation Corporation",
            "Notes Mentioned": "None"
        },
        {
            "Page": 211,
            "Table Index": 133,
            "Table Header": ", , Group, Corporation, , Group, Group",
            "Page Header": "Notes to the Financial Statements | 23. Assets held for sale 24. Other investments | Group Corporation Group Group",
            "Notes Mentioned": "None"
        },
        {
            "Page": 212,
            "Table Index": 134,
            "Table Header": ", , , a) Group creditors at 31 March comprised:, , ",
            "Page Header": "Notes to the Financial Statements | 25. Cash and cash equivalents 26. Creditors | a) Group creditors at 31 March comprised:",
            "Notes Mentioned": "None"
        },
        {
            "Page": 213,
            "Table Index": 135,
            "Table Header": "The performance obligations related to, ii.  Maintenance income of \u00a34.1m (2023, , b) Corporation creditors at 31 March comprised:, , ",
            "Page Header": "Notes to the Financial Statements | 26. Creditors | (continued)",
            "Notes Mentioned": "None"
        },
        {
            "Page": 214,
            "Table Index": 136,
            "Table Header": "Notes to the Financial Statements, , , , ",
            "Page Header": "Notes to the Financial Statements | 26. Creditors 27. Borrowings and overdrafts | (continued)",
            "Notes Mentioned": "None"
        },
        {
            "Page": 214,
            "Table Index": 137,
            "Table Header": "Borrowings, 12,075.6\n12,221.5",
            "Page Header": "Notes to the Financial Statements | 26. Creditors 27. Borrowings and overdrafts | (continued)",
            "Notes Mentioned": "Note 34"
        },
        {
            "Page": 215,
            "Table Index": 138,
            "Table Header": "Changes in liabilities arising from financing activities, , , Changes in liabilities arising from financing activities, , ",
            "Page Header": "Notes to the Financial Statements | 27. Borrowings and overdrafts | (continued)",
            "Notes Mentioned": "None"
        },
        {
            "Page": 216,
            "Table Index": 139,
            "Table Header": "Private Finance Initiative contracts, The Group therefore recognises PFI, , , , , ",
            "Page Header": "Notes to the Financial Statements | 28. Private finance initiative contracts | Private Finance Initiative contracts The Group therefore recognises PFI",
            "Notes Mentioned": "None"
        },
        {
            "Page": 216,
            "Table Index": 140,
            "Table Header": "Contract\nContract dates, Description, , , , , , , , Total amount",
            "Page Header": "Notes to the Financial Statements | 28. Private finance initiative contracts | Private Finance Initiative contracts The Group therefore recognises PFI",
            "Notes Mentioned": "None"
        },
        {
            "Page": 217,
            "Table Index": 141,
            "Table Header": "Group other financing liabilities at 31 March comprised:, , , a) Group provisions, , , , , ",
            "Page Header": "Notes to the Financial Statements | 29. Other financing liabilities 30. Provisions | Group other financing liabilities at 31 March comprised: a) Group provisions",
            "Notes Mentioned": "None"
        },
        {
            "Page": 218,
            "Table Index": 142,
            "Table Header": "30. Provisions (continued), , , , , , , ",
            "Page Header": "Notes to the Financial Statements | 30. Provisions | (continued)",
            "Notes Mentioned": "None"
        },
        {
            "Page": 219,
            "Table Index": 143,
            "Table Header": "There are a number of uncertainties surrounding, , Group derivatives in cash flow hedge relationships, , , ",
            "Page Header": "Notes to the Financial Statements Notes to the Financial Statements | 31. Contingencies 32. Derivative financial instruments | There are a number of uncertainties surrounding Group derivatives in cash flow hedge relationships",
            "Notes Mentioned": "None"
        },
        {
            "Page": 220,
            "Table Index": 144,
            "Table Header": "Notes to the Financial Statements, , , ",
            "Page Header": "Notes to the Financial Statements | 33. Guarantees | Section 160 of the GLA Act 1999 sets out the The Corporation has given guarantees Other guarantees No arrangements were entered into with",
            "Notes Mentioned": "None"
        },
        {
            "Page": 221,
            "Table Index": 145,
            "Table Header": "Notes to the Financial Statements, , , ",
            "Page Header": "Notes to the Financial Statements | 34. Funding and financial risk management | Introduction The Group\u2019s principal financial instruments TfL also agrees its maximum annual activities such as property rental or",
            "Notes Mentioned": "Note 22, Note 33"
        },
        {
            "Page": 222,
            "Table Index": 146,
            "Table Header": ", , , Overdue by, Overdue by, , , , , , Overdue by, Overdue by, , ",
            "Page Header": "Notes to the Financial Statements | 34. Funding and financial risk management | (continued)",
            "Notes Mentioned": "None"
        },
        {
            "Page": 223,
            "Table Index": 147,
            "Table Header": "34. Funding and financial risk management (continued), , , , , , ",
            "Page Header": "Notes to the Financial Statements | 34. Funding and financial risk management | (continued)",
            "Notes Mentioned": "None"
        },
        {
            "Page": 224,
            "Table Index": 148,
            "Table Header": "Notes to the Financial Statements, , , , , ",
            "Page Header": "Notes to the Financial Statements | 34. Funding and financial risk management | (continued)",
            "Notes Mentioned": "Note 33"
        },
        {
            "Page": 225,
            "Table Index": 149,
            "Table Header": "Notes to the Financial Statements, , , ",
            "Page Header": "Notes to the Financial Statements | 34. Funding and financial risk management | (continued)",
            "Notes Mentioned": "None"
        },
        {
            "Page": 226,
            "Table Index": 150,
            "Table Header": "Sensitivity analysis on foreign exchange risk at 31 March, , , , , , , , (ii) Interest rate risk",
            "Page Header": "Notes to the Financial Statements | 34. Funding and financial risk management | (continued)",
            "Notes Mentioned": "None"
        },
        {
            "Page": 226,
            "Table Index": 151,
            "Table Header": ", value, Fair value, currency, currency, value, Fair value, currency, currency, , , , ",
            "Page Header": "Notes to the Financial Statements | 34. Funding and financial risk management | (continued)",
            "Notes Mentioned": "None"
        },
        {
            "Page": 227,
            "Table Index": 152,
            "Table Header": "Notes to the Financial Statements, , , ",
            "Page Header": "Notes to the Financial Statements | 34. Funding and financial risk management | (continued)",
            "Notes Mentioned": "None"
        },
        {
            "Page": 228,
            "Table Index": 153,
            "Table Header": "Notes to the Financial Statements",
            "Page Header": "Notes to the Financial Statements | 34. Funding and financial risk management | (continued)",
            "Notes Mentioned": "None"
        },
        {
            "Page": 228,
            "Table Index": 154,
            "Table Header": ", , , 2024, , , 2023, , , , 2024, , , 2023",
            "Page Header": "Notes to the Financial Statements | 34. Funding and financial risk management | (continued)",
            "Notes Mentioned": "None"
        },
        {
            "Page": 229,
            "Table Index": 155,
            "Table Header": "Notes to the Financial Statements",
            "Page Header": "Notes to the Financial Statements | 34. Funding and financial risk management | (continued)",
            "Notes Mentioned": "None"
        },
        {
            "Page": 229,
            "Table Index": 156,
            "Table Header": ", , , , Between, Between, , ",
            "Page Header": "Notes to the Financial Statements | 34. Funding and financial risk management | (continued)",
            "Notes Mentioned": "None"
        },
        {
            "Page": 229,
            "Table Index": 157,
            "Table Header": ", 1.5, (5.2)\n1.3\n18.0\n15.6",
            "Page Header": "Notes to the Financial Statements | 34. Funding and financial risk management | (continued)",
            "Notes Mentioned": "None"
        },
        {
            "Page": 230,
            "Table Index": 158,
            "Table Header": ", , Between, Between, , , , , Between, Between, , ",
            "Page Header": "Notes to the Financial Statements | 34. Funding and financial risk management | (continued)",
            "Notes Mentioned": "None"
        },
        {
            "Page": 231,
            "Table Index": 159,
            "Table Header": ", Notes to the Financial Statements, ",
            "Page Header": "Notes to the Financial Statements | 34. Funding and financial risk management | (continued)",
            "Notes Mentioned": "None"
        },
        {
            "Page": 232,
            "Table Index": 160,
            "Table Header": "Notes to the Financial Statements",
            "Page Header": "Notes to the Financial Statements | 34. Funding and financial risk management | (continued)",
            "Notes Mentioned": "None"
        },
        {
            "Page": 232,
            "Table Index": 161,
            "Table Header": ", 2024, 2024, , , , 2024, 2024, , ",
            "Page Header": "Notes to the Financial Statements | 34. Funding and financial risk management | (continued)",
            "Notes Mentioned": "None"
        },
        {
            "Page": 233,
            "Table Index": 162,
            "Table Header": "Notes to the Financial Statements",
            "Page Header": "Notes to the Financial Statements | 34. Funding and financial risk management | (continued)",
            "Notes Mentioned": "None"
        },
        {
            "Page": 234,
            "Table Index": 163,
            "Table Header": "2024, , , , , , 2023, , , , , ",
            "Page Header": "Notes to the Financial Statements | 34. Funding and financial risk management | (continued)",
            "Notes Mentioned": "None"
        },
        {
            "Page": 234,
            "Table Index": 164,
            "Table Header": ", 2024, , , , , , 2023, , , , , ",
            "Page Header": "Notes to the Financial Statements | 34. Funding and financial risk management | (continued)",
            "Notes Mentioned": "None"
        },
        {
            "Page": 235,
            "Table Index": 165,
            "Table Header": "2024, , , , , 2023, , , , ",
            "Page Header": "Notes to the Financial Statements | 34. Funding and financial risk management | (continued)",
            "Notes Mentioned": "None"
        },
        {
            "Page": 235,
            "Table Index": 166,
            "Table Header": ", 2024, , , , , 2023, , , , ",
            "Page Header": "Notes to the Financial Statements | 34. Funding and financial risk management | (continued)",
            "Notes Mentioned": "None"
        },
        {
            "Page": 236,
            "Table Index": 167,
            "Table Header": "Notes to the Financial Statements, , , , , ",
            "Page Header": "Notes to the Financial Statements | 35. Pensions | The majority of the Group\u2019s staff were members of the b) Defined benefit schemes The underlying assets and defined benefit",
            "Notes Mentioned": "None"
        },
        {
            "Page": 237,
            "Table Index": 168,
            "Table Header": "35. Pensions (continued), , , ",
            "Page Header": "Notes to the Financial Statements | 35. Pensions | (continued)",
            "Notes Mentioned": "None"
        },
        {
            "Page": 237,
            "Table Index": 169,
            "Table Header": "Notes to the Financial Statements, , , ",
            "Page Header": "Notes to the Financial Statements | 35. Pensions | (continued)",
            "Notes Mentioned": "None"
        },
        {
            "Page": 238,
            "Table Index": 170,
            "Table Header": "The main actuarial assumptions used for the TfL, , , The total assets in the schemes were:, , ",
            "Page Header": "Notes to the Financial Statements | 35. Pensions | (continued)",
            "Notes Mentioned": "None"
        },
        {
            "Page": 238,
            "Table Index": 171,
            "Table Header": ", , , Bonds",
            "Page Header": "Notes to the Financial Statements | 35. Pensions | (continued)",
            "Notes Mentioned": "None"
        },
        {
            "Page": 239,
            "Table Index": 172,
            "Table Header": "Total pension surplus at 31 March, , , Analysis of amounts included in the, , , , ",
            "Page Header": "Notes to the Financial Statements | 35. Pensions | (continued)",
            "Notes Mentioned": "None"
        },
        {
            "Page": 240,
            "Table Index": 173,
            "Table Header": "amounts arising from schemes that are wholly or, , , , , , , , , ",
            "Page Header": "Notes to the Financial Statements | 35. Pensions | (continued)",
            "Notes Mentioned": "None"
        },
        {
            "Page": 241,
            "Table Index": 174,
            "Table Header": "Notes to the Financial Statements, , , ",
            "Page Header": "Notes to the Financial Statements | 35. Pensions | (continued)",
            "Notes Mentioned": "None"
        },
        {
            "Page": 242,
            "Table Index": 175,
            "Table Header": ", Notes to the Financial Statements, , , , , , , , ",
            "Page Header": "Notes to the Financial Statements | 35. Pensions | (continued)",
            "Notes Mentioned": "None"
        },
        {
            "Page": 243,
            "Table Index": 176,
            "Table Header": "a) The cash flows for operating activities, , , , , c) Adjustments to the surplus on the provision, , , , ",
            "Page Header": "Notes to the Financial Statements | 36. Cash flow notes | a) The cash flows for operating activities c) Adjustments to the surplus on the provision",
            "Notes Mentioned": "None"
        },
        {
            "Page": 244,
            "Table Index": 177,
            "Table Header": "d) Investing activities, , , , , e) Financing activities, , , , ",
            "Page Header": "Notes to the Financial Statements | 36. Cash flow notes | (continued)",
            "Notes Mentioned": "None"
        },
        {
            "Page": 245,
            "Table Index": 178,
            "Table Header": "37. Unusable reserves, , , , ",
            "Page Header": "Notes to the Financial Statements | 37. Unusable reserves | Capital Adjustment Account the Group and its subsidiaries for assets",
            "Notes Mentioned": "None"
        },
        {
            "Page": 246,
            "Table Index": 179,
            "Table Header": ", 37. Unusable reserves (continued), , , , , , ",
            "Page Header": "Notes to the Financial Statements | 37. Unusable reserves | (continued)",
            "Notes Mentioned": "None"
        },
        {
            "Page": 247,
            "Table Index": 180,
            "Table Header": "transfers to or from the reserve., , , , , are not readily convertible to cash., , ",
            "Page Header": "Notes to the Financial Statements | 37. Unusable reserves | (continued)",
            "Notes Mentioned": "None"
        },
        {
            "Page": 248,
            "Table Index": 181,
            "Table Header": ", \u2022  Disposed of and the gains are transferred to retained earnings, , , , , , , ",
            "Page Header": "Notes to the Financial Statements | 37. Unusable reserves | (continued)",
            "Notes Mentioned": "None"
        },
        {
            "Page": 249,
            "Table Index": 182,
            "Table Header": "Notes to the Financial Statements, ",
            "Page Header": "Notes to the Financial Statements | 37. Unusable reserves | (continued)",
            "Notes Mentioned": "None"
        },
        {
            "Page": 250,
            "Table Index": 183,
            "Table Header": "Notes to the Financial Statements, , , ",
            "Page Header": "Notes to the Financial Statements | 38. Adjustments between accounting basis and funding basis under regulations | This note details the adjustments that are the Corporation in the year in accordance by statutory provisions as being available reserve represents monies available to",
            "Notes Mentioned": "None"
        },
        {
            "Page": 251,
            "Table Index": 184,
            "Table Header": "Notes to the Financial Statements, , , , , , , , , ",
            "Page Header": "Notes to the Financial Statements | 38. Adjustments between accounting basis and funding basis under regulations | (continued)",
            "Notes Mentioned": "None"
        },
        {
            "Page": 252,
            "Table Index": 185,
            "Table Header": "Notes to the Financial Statements, , , , ",
            "Page Header": "Notes to the Financial Statements | 39. Sources of finance 40. Minimum revenue provision | Capital expenditure analysed by source of finance: The Local Government and Housing Act While statutory guidance suggests four",
            "Notes Mentioned": "None"
        },
        {
            "Page": 253,
            "Table Index": 186,
            "Table Header": ", Corporation, Corporation, , , Corporation, Corporation",
            "Page Header": "Notes to the Financial Statements | 41. Financial assistance | TfL may give financial assistance to any body or person in",
            "Notes Mentioned": "None"
        },
        {
            "Page": 254,
            "Table Index": 187,
            "Table Header": "Notes to the Financial Statements, , , ",
            "Page Header": "Notes to the Financial Statements | 42. Related parties | TfL is required by the Code and IAS 24 the Commissioner, Chief Officers and Board Members and Officers Other public bodies",
            "Notes Mentioned": "Note 41, Note 35"
        },
        {
            "Page": 255,
            "Table Index": 188,
            "Table Header": "Notes to the Financial Statements, , ",
            "Page Header": "Notes to the Financial Statements | 43. Trust Funds 44. Events after the Balance Sheet date | The Corporation acts as the sole trustee for the TfL",
            "Notes Mentioned": "None"
        },
        {
            "Page": 256,
            "Table Index": 189,
            "Table Header": "Annual Governance Statement, , , ",
            "Page Header": "Annual Governance Statement | The CIPFA/SOLACE Delivering Good TfL has approved and adopted a Code of Key Elements of TfL\u2019s Governance Framework | Governance in Local Government Governance (the Code) which is consistent",
            "Notes Mentioned": "None"
        },
        {
            "Page": 257,
            "Table Index": 190,
            "Table Header": "Applying the Framework Principles, Principle C: Defining outcomes in terms, \u2022  Finance \u2013 grow our income and control, for London management team is also",
            "Page Header": "Applying the Framework Principles Principle C: Defining outcomes in terms \u2022 Finance \u2013 grow our income and control for London management team is also | Principle A: Behaving with integrity, of sustainable economic, social, and our costs; and supported by external experts. Following | demonstrating strong commitment to environmental benefits. TfL meets this a review of its safety culture, further",
            "Notes Mentioned": "None"
        },
        {
            "Page": 258,
            "Table Index": 191,
            "Table Header": "Principle F: Managing risks and, Principle G: Implementing good practices, needs and operated in an effective, and where possible improving these",
            "Page Header": "Principle F: Managing risks and Principle G: Implementing good practices needs and operated in an effective and where possible improving these | performance through strong internal in transparency, reporting and audit manner. The opinion did highlight three arrangements. The key ways of doing | control and financial management. TfL\u2019s to deliver effective accountability. issues to be addressed following audits: this are:",
            "Notes Mentioned": "None"
        },
        {
            "Page": 259,
            "Table Index": 192,
            "Table Header": "TfL Board members, , , , , , ",
            "Page Header": "TfL Board members | The Mayor appoints members for their skills, knowledge and experience | relating to TfL\u2019s activities. The Board is independent of the executive",
            "Notes Mentioned": "None"
        },
        {
            "Page": 260,
            "Table Index": 193,
            "Table Header": ", Membership of TfL committees and panels, , , , ",
            "Page Header": "Membership of TfL committees and panels | Audit and Assurance Committee | Mark Phillips Anurag Gupta Kay Carberry CBE Cllr Ross Garrod* Dr Mee Ling Ng OBE",
            "Notes Mentioned": "None"
        },
        {
            "Page": 261,
            "Table Index": 194,
            "Table Header": "Finance Committee, , , , , ",
            "Page Header": "Finance Committee | Anne McMeel Anurag Gupta* Prof Greg Clark CBE Seb Dance Dr Nina Skorupska Ben Story** | Chair Vice Chair CBE FEI",
            "Notes Mentioned": "None"
        },
        {
            "Page": 262,
            "Table Index": 195,
            "Table Header": "Programmes and Investment Committee, , , , , ",
            "Page Header": "Programmes and Investment Committee | Dr Nelson Peter Strachan** Seb Dance Mark Phillips*** Dr Lynn Sloman MBE Ben Story**** Cllr Kieron Williams***** | Ogunshakin OBE* Vice Chair",
            "Notes Mentioned": "None"
        },
        {
            "Page": 263,
            "Table Index": 196,
            "Table Header": "*, Appointed from 13 December 2023",
            "Page Header": "Customer Service and Operational Performance Panel | Dr Mee Ling Ng OBE Marie Pye Cllr Ross Garrod* Bronwen Handyside Anne McMeel Dr Lynn Sloman MBE Peter Strachan Cllr Kieron Williams** | Chair Vice Chair",
            "Notes Mentioned": "None"
        },
        {
            "Page": 264,
            "Table Index": 197,
            "Table Header": ", , Non-voting meeting attendees:, ",
            "Page Header": "TfL Board and committee member remuneration | Non-voting meeting attendees: | Board \u2013 Government observers For the year ended 31 March 2024 (\u00a3)",
            "Notes Mentioned": "None"
        },
        {
            "Page": 264,
            "Table Index": 198,
            "Table Header": "David Coles (DfT Observer) (from 26 July 2023), Not remunerated by TfL",
            "Page Header": "TfL Board and committee member remuneration | Non-voting meeting attendees: | Board \u2013 Government observers For the year ended 31 March 2024 (\u00a3)",
            "Notes Mentioned": "None"
        },
        {
            "Page": 265,
            "Table Index": 199,
            "Table Header": "1, Number of total meetings includes those held entirely, 3 \nBronwen Handyside\u2019s attendance was impacted",
            "Page Header": "TfL members attendance 2023/241 | Customer Service Safety, Sustainability | Audit and Assurance and Operational Elizabeth line Finance Land and Property Programmes Remuneration and Human",
            "Notes Mentioned": "None"
        },
        {
            "Page": 266,
            "Table Index": 200,
            "Table Header": ", \u2018 TfL must have a pay policy",
            "Page Header": "Remuneration report 2023/24 | Fairly rewarding our | colleagues and people",
            "Notes Mentioned": "None"
        },
        {
            "Page": 267,
            "Table Index": 201,
            "Table Header": ", People are at the core of everything, We approved revised performance award, Due to the exceptional circumstances of",
            "Page Header": "Message from the Chair | Rewarding our colleagues is essential to | attract and retain talented people",
            "Notes Mentioned": "None"
        },
        {
            "Page": 268,
            "Table Index": 202,
            "Table Header": "Remuneration Committee members, , , ",
            "Page Header": "Governance | Remuneration Committee members | the financial overlay trigger had been met. While considering resourcing at TfL, the",
            "Notes Mentioned": "None"
        },
        {
            "Page": 269,
            "Table Index": 203,
            "Table Header": "Policy, , , , , ",
            "Page Header": "Policy | Board remuneration The reward structure that has been | Component Purpose Operation Maximum",
            "Notes Mentioned": "Note 6"
        },
        {
            "Page": 270,
            "Table Index": 204,
            "Table Header": ", , , , Severance policy, The Committee will also consider any",
            "Page Header": "Severance policy The Committee will also consider any | Component Purpose Operation Maximum | Most employees who leave owing to exit payment outside the standard",
            "Notes Mentioned": "None"
        },
        {
            "Page": 270,
            "Table Index": 205,
            "Table Header": "discounted amount., , ",
            "Page Header": "Severance policy The Committee will also consider any | Component Purpose Operation Maximum | Most employees who leave owing to exit payment outside the standard",
            "Notes Mentioned": "None"
        },
        {
            "Page": 271,
            "Table Index": 206,
            "Table Header": "Remuneration, , , , , , , , ",
            "Page Header": "Remuneration | Benchmarking of senior executives\u2019 pay Each role is benchmarked against its Benchmarking of remuneration for Commissioner and chief officers (\u00a3000s) | The Remuneration Committee uses respective counterparts in comparator",
            "Notes Mentioned": "None"
        },
        {
            "Page": 272,
            "Table Index": 207,
            "Table Header": "Commissioner remuneration ratio, , , ",
            "Page Header": "Commissioner remuneration ratio | In total remuneration terms, the Commissioner earns 8.2 times | that of the median employee, excluding Crossrail. The ratio",
            "Notes Mentioned": "None"
        },
        {
            "Page": 273,
            "Table Index": 208,
            "Table Header": "Total remuneration of more than \u00a3100,000, year. Our reward strategy has aimed to, In the years since 2016, inflation and salaries, The number of people whose base salary",
            "Page Header": "Total remuneration of more than \u00a3100,000 year. Our reward strategy has aimed to In the years since 2016, inflation and salaries The number of people whose base salary | Total remuneration includes salaries, fees, bring pay settlements for both operational in the external market have risen more was less than \u00a3100,000 but the overtime | performance-related pay, benefits in kind, and non-operational colleagues closer significantly than budgets provided within they earned took their total remuneration",
            "Notes Mentioned": "None"
        },
        {
            "Page": 274,
            "Table Index": 209,
            "Table Header": "Appendix 1, , , , , , , , , , , , , , , , , , ",
            "Page Header": "Appendix 1 | Representation of equalities groups at different pay levels as at 31 March 2024, | excluding Crossrail and our apprentices (this is not subject to audit)",
            "Notes Mentioned": "None"
        },
        {
            "Page": 275,
            "Table Index": 210,
            "Table Header": "Appendix 2, , , ",
            "Page Header": "Appendix 2 | Trade union facility time Working hours spent on facility | (not subject to audit) (number of employees)",
            "Notes Mentioned": "None"
        },
        {
            "Page": 276,
            "Table Index": 211,
            "Table Header": "About us, , , ",
            "Page Header": "About us | Part of the Greater London Authority We manage the city\u2019s red route strategic the outer London Superloop bus network, We are committed to being an employer | family led by Mayor of London Sadiq Khan, roads and are responsible for the providing express bus routes circling the that is fully representative of the",
            "Notes Mentioned": "None"
        },
        {
            "Page": 277,
            "Table Index": 212,
            "Table Header": "\u00a9 Transport for London, ",
            "Page Header": "\u00a9 Transport for London | December 2024 | tfl.gov.uk",
            "Notes Mentioned": "None"
        }
    ],
    "id": [
        "Stream_Table_1",
        "Stream_Table_2",
        "Stream_Table_3",
        "Stream_Table_4",
        "Stream_Table_5",
        "Stream_Table_6",
        "Stream_Table_7",
        "Stream_Table_8",
        "Stream_Table_9",
        "Stream_Table_10",
        "Stream_Table_11",
        "Stream_Table_12",
        "Stream_Table_13",
        "Stream_Table_14",
        "Stream_Table_15",
        "Stream_Table_16",
        "Stream_Table_17",
        "Stream_Table_18",
        "Stream_Table_19",
        "Stream_Table_20",
        "Stream_Table_21",
        "Stream_Table_22",
        "Stream_Table_23",
        "Stream_Table_24",
        "Stream_Table_25",
        "Stream_Table_26",
        "Stream_Table_27",
        "Stream_Table_28",
        "Stream_Table_29",
        "Stream_Table_30",
        "Stream_Table_31",
        "Stream_Table_32",
        "Stream_Table_33",
        "Stream_Table_34",
        "Stream_Table_35",
        "Stream_Table_36",
        "Stream_Table_37",
        "Stream_Table_38",
        "Stream_Table_39",
        "Stream_Table_40",
        "Stream_Table_41",
        "Stream_Table_42",
        "Stream_Table_43",
        "Stream_Table_44",
        "Stream_Table_45",
        "Stream_Table_46",
        "Stream_Table_47",
        "Stream_Table_48",
        "Stream_Table_49",
        "Stream_Table_50",
        "Stream_Table_51",
        "Stream_Table_52",
        "Stream_Table_53",
        "Stream_Table_54",
        "Stream_Table_55",
        "Stream_Table_56",
        "Stream_Table_57",
        "Stream_Table_58",
        "Stream_Table_59",
        "Stream_Table_60",
        "Stream_Table_61",
        "Stream_Table_62",
        "Stream_Table_63",
        "Stream_Table_64",
        "Stream_Table_65",
        "Stream_Table_66",
        "Stream_Table_67",
        "Stream_Table_68",
        "Stream_Table_69",
        "Stream_Table_70",
        "Stream_Table_71",
        "Stream_Table_72",
        "Stream_Table_73",
        "Stream_Table_74",
        "Stream_Table_75",
        "Stream_Table_76",
        "Stream_Table_77",
        "Stream_Table_78",
        "Stream_Table_79",
        "Stream_Table_80",
        "Stream_Table_81",
        "Stream_Table_82",
        "Stream_Table_83",
        "Stream_Table_84",
        "Stream_Table_85",
        "Stream_Table_86",
        "Stream_Table_87",
        "Stream_Table_88",
        "Stream_Table_89",
        "Stream_Table_90",
        "Stream_Table_91",
        "Stream_Table_92",
        "Stream_Table_93",
        "Stream_Table_94",
        "Stream_Table_95",
        "Stream_Table_96",
        "Stream_Table_97",
        "Stream_Table_98",
        "Stream_Table_99",
        "Stream_Table_100",
        "Stream_Table_101",
        "Stream_Table_102",
        "Stream_Table_103",
        "Stream_Table_104",
        "Stream_Table_105",
        "Stream_Table_106",
        "Stream_Table_107",
        "Stream_Table_108",
        "Stream_Table_109",
        "Stream_Table_110",
        "Stream_Table_111",
        "Stream_Table_112",
        "Stream_Table_113",
        "Stream_Table_114",
        "Stream_Table_115",
        "Stream_Table_116",
        "Stream_Table_117",
        "Stream_Table_118",
        "Stream_Table_119",
        "Stream_Table_120",
        "Stream_Table_121",
        "Stream_Table_122",
        "Stream_Table_123",
        "Stream_Table_124",
        "Stream_Table_125",
        "Stream_Table_126",
        "Stream_Table_127",
        "Stream_Table_128",
        "Stream_Table_129",
        "Stream_Table_130",
        "Stream_Table_131",
        "Stream_Table_132",
        "Stream_Table_133",
        "Stream_Table_134",
        "Stream_Table_135",
        "Stream_Table_136",
        "Stream_Table_137",
        "Stream_Table_138",
        "Stream_Table_139",
        "Stream_Table_140",
        "Stream_Table_141",
        "Stream_Table_142",
        "Stream_Table_143",
        "Stream_Table_144",
        "Stream_Table_145",
        "Stream_Table_146",
        "Stream_Table_147",
        "Stream_Table_148",
        "Stream_Table_149",
        "Stream_Table_150",
        "Stream_Table_151",
        "Stream_Table_152",
        "Stream_Table_153",
        "Stream_Table_154",
        "Stream_Table_155",
        "Stream_Table_156",
        "Stream_Table_157",
        "Stream_Table_158",
        "Stream_Table_159",
        "Stream_Table_160",
        "Stream_Table_161",
        "Stream_Table_162",
        "Stream_Table_163",
        "Stream_Table_164",
        "Stream_Table_165",
        "Stream_Table_166",
        "Stream_Table_167",
        "Stream_Table_168",
        "Stream_Table_169",
        "Stream_Table_170",
        "Stream_Table_171",
        "Stream_Table_172",
        "Stream_Table_173",
        "Stream_Table_174",
        "Stream_Table_175",
        "Stream_Table_176",
        "Stream_Table_177",
        "Stream_Table_178",
        "Stream_Table_179",
        "Stream_Table_180",
        "Stream_Table_181",
        "Stream_Table_182",
        "Stream_Table_183",
        "Stream_Table_184",
        "Stream_Table_185",
        "Stream_Table_186",
        "Stream_Table_187",
        "Stream_Table_188",
        "Stream_Table_189",
        "Stream_Table_190",
        "Stream_Table_191",
        "Stream_Table_192",
        "Stream_Table_193",
        "Stream_Table_194",
        "Stream_Table_195",
        "Stream_Table_196",
        "Stream_Table_197",
        "Stream_Table_198",
        "Stream_Table_199",
        "Stream_Table_200",
        "Stream_Table_201",
        "Stream_Table_202",
        "Stream_Table_203",
        "Stream_Table_204",
        "Stream_Table_205",
        "Stream_Table_206",
        "Stream_Table_207",
        "Stream_Table_208",
        "Stream_Table_209",
        "Stream_Table_210",
        "Stream_Table_211",
        "Stream_Table_212"
    ]
}