{
    "Lattice_Table_1": [],
    "Lattice_Table_2": [
        {
            "Page: 103": NaN,
            "Unnamed: 1": "83\n68\n26",
            "Unnamed: 2": NaN,
            "Unnamed: 3": NaN,
            "Unnamed: 4": NaN,
            "Unnamed: 5": NaN,
            "Unnamed: 6": 91,
            "Unnamed: 7": "41\n39\n32"
        }
    ],
    "Lattice_Table_3": [
        {
            "Page: 109": NaN,
            "Unnamed: 1": "Key audit matters",
            "Unnamed: 2": "The key audit matters that we identified in the current year were:\n\u2022 \nvaluation of Biological Assets under IAS 41 \u2018Agriculture\u2019; and\n\u2022  carrying value of ABS goodwill.\nWithin this report, key audit matters are identified as follows:\n \nNewly identified\n \nSimilar level of risk"
        },
        {
            "Page: 109": NaN,
            "Unnamed: 1": "Materiality",
            "Unnamed: 2": "The materiality that we used for the group financial statements was \u00a32.5 million which was determined \non the basis of 5% of forecast profit before tax excluding the impact of exceptional items and the net IAS \n41 valuation movement on biological assets. Our determined materiality equates to 7% of this measure \nat year end."
        },
        {
            "Page: 109": NaN,
            "Unnamed: 1": "Scoping",
            "Unnamed: 2": "We performed detailed audit procedures over 13 components of the group. Of these, 8 were subject to a \nfull scope audit, and 5 were subject to specified procedures. Our full-scope and specified procedures \ntesting achieved coverage of 77% of Group revenue, 88% of Group net assets, and 88% of Group profit \nbefore tax, excluding the impact of exceptional items and the net IAS 41 valuation movement on \nbiological assets."
        },
        {
            "Page: 109": NaN,
            "Unnamed: 1": "Significant changes in \nour approach",
            "Unnamed: 2": "We have identified a new key audit matter this year, being the carrying value of ABS goodwill. This \nchange has been driven by performance in the ABS segment (Note 5) and the resultant reduced \nheadroom on goodwill leading to increased sensitivity of management\u2019s models to key judgements and \nestimates."
        }
    ],
    "Lattice_Table_4": [
        {
            "Page: 111": NaN,
            "Unnamed: 1": NaN,
            "Unnamed: 2": "Group financial statements",
            "Unnamed: 3": "Parent company financial statements"
        },
        {
            "Page: 111": NaN,
            "Unnamed: 1": "Materiality",
            "Unnamed: 2": "\u00a32.5m (2023: \u00a33.2m)",
            "Unnamed: 3": "\u00a32.3m (2023: \u00a32.6m)"
        },
        {
            "Page: 111": NaN,
            "Unnamed: 1": "Basis for determining materiality",
            "Unnamed: 2": "We determined materiality on the basis of \n5% (2023: 5%) of forecast profit before tax \nexcluding exceptional items (as defined in \nnote 7) and changes in net IAS 41 valuation \nmovement on biological assets (as \nexplained in note 16). Our determined \nmateriality equates to 7% (2023: 5.4%) of this \nmeasure at year end.",
            "Unnamed: 3": "1% (2023: 1%) of Net Assets and capped at \n90% of materiality for the Group financial \nstatements."
        }
    ],
    "Lattice_Table_5": [
        {
            "Page: 112": NaN,
            "Unnamed: 1": NaN,
            "Unnamed: 2": "Group financial statements",
            "Unnamed: 3": "Parent company financial statements"
        },
        {
            "Page: 112": NaN,
            "Unnamed: 1": "Rationale for the benchmark applied",
            "Unnamed: 2": "We determined profit before tax excluding \nexceptional items and changes in net IAS \n41 valuation movement in biological assets \nas an appropriate benchmark for \ndetermining materiality so as to avoid \ndistortion that could otherwise arise from \nnon-recurring or highly volatile items \nincluding exceptional items and the IAS 41 \nfair value movements.",
            "Unnamed: 3": "Net Assets were selected as an appropriate \nbenchmark for determining materiality, as \nthe Parent Company acts primarily as a \nholding company."
        }
    ],
    "Lattice_Table_6": [
        {
            "Page: 112": NaN,
            "Unnamed: 1": NaN,
            "Unnamed: 2": "Group financial statements\nParent company financial statements"
        },
        {
            "Page: 112": NaN,
            "Unnamed: 1": "Performance materiality",
            "Unnamed: 2": "70% (2023: 70%) of Group materiality\n70% (2023: 70%) of parent company \nmateriality"
        },
        {
            "Page: 112": NaN,
            "Unnamed: 1": "Basis and rationale for determining \nperformance materiality",
            "Unnamed: 2": "In determining performance materiality, we considered the following factors: \n\u2022  Our cumulative knowledge of the Group and its control environment;\n\u2022  The low turnover in key management personnel;\n\u2022  The high degree of centralisation in the Group\u2019s financial reporting controls and \nprocesses; and\n\u2022  The low number and value of corrected and uncorrected misstatements identified in \nprior periods."
        }
    ],
    "Lattice_Table_7": [
        {
            "Page: 141": NaN,
            "Unnamed: 1": NaN,
            "Unnamed: 2": "Brands, \nmultiplier \nPorcine \ncontracts \nand bovine \nand \ngenetics \ncustomer \ntechnology\nrelationships\n\u00a3m\n\u00a3m",
            "Unnamed: 3": "Separately \nidentified \nacquired \nPatents, \nintangible \nAssets under \nlicences and \nassets\nSoftware \nconstruction\nIntelliGen\nother\nTotal\n\u00a3m\n\u00a3m\n\u00a3m\n\u00a3m\n\u00a3m\n\u00a3m"
        },
        {
            "Page: 141": NaN,
            "Unnamed: 1": "Cost\nBalance at 1 July 2022\nAdditions\nTransfers\nEffect of movements in \nexchange rates",
            "Unnamed: 2": "56.5\n102.9\n\u2013\n\u2013\n\u2013\n\u2013\n(0.2)\n(4.0)",
            "Unnamed: 3": "159.4\n28.9\n3.7\n26.8\n4.4\n223.2\n\u2013\n\u2013\n9.3\n\u2013\n\u2013\n9.3\n\u2013\n5.9\n(5.9)\n\u2013\n\u2013\n\u2013\n(4.2)\n(0.3)\n(0.1)\n(1.1)\n\u2013\n(5.7)"
        },
        {
            "Page: 141": NaN,
            "Unnamed: 1": "Balance at 30 June 2023",
            "Unnamed: 2": "56.3\n98.9",
            "Unnamed: 3": "155.2\n34.5\n7\n.0\n25.7\n4.4\n226.8"
        },
        {
            "Page: 141": NaN,
            "Unnamed: 1": "Additions\nBusiness combination (see note 41)\nTransfers\nEffect of movements in \nexchange rates",
            "Unnamed: 2": "\u2013\n\u2013\n\u2013\n1.9\n\u2013\n\u2013\n(0.5)\n(1.0)",
            "Unnamed: 3": "\u2013\n0.1\n9.9\n\u2013\n\u2013\n10.0\n1.9\n\u2013\n\u2013\n\u2013\n0.1\n2.0\n\u2013\n8.1\n(8.1)\n\u2013\n\u2013\n\u2013\n(1.5)\n\u2013\n\u2013\n\u2013\n\u2013\n(1.5)"
        },
        {
            "Page: 141": NaN,
            "Unnamed: 1": "Balance at 30 June 2024",
            "Unnamed: 2": "55.8\n99.8",
            "Unnamed: 3": "155.6\n42.7\n8.8\n25.7\n4.5\n237.3"
        },
        {
            "Page: 141": NaN,
            "Unnamed: 1": "Amortisation and impairment losses\nBalance at 1 July 2022\nAmortisation for the year\nEffect of movements in \nexchange rates",
            "Unnamed: 2": "39.1\n80.1\n3.3\n4.4\n0.1\n(3.3)",
            "Unnamed: 3": "119.2\n15.5\n\u2013\n12.3\n4.2\n151.2\n7\n.7\n2.9\n\u2013\n2.7\n0.1\n13.4\n(3.2)\n(0.2)\n\u2013\n(0.6)\n\u2013\n(4.0)"
        },
        {
            "Page: 141": NaN,
            "Unnamed: 1": "Balance at 30 June 2023",
            "Unnamed: 2": "42.5\n81.2",
            "Unnamed: 3": "123.7\n18.2\n\u2013\n14.4\n4.3\n160.6"
        },
        {
            "Page: 141": NaN,
            "Unnamed: 1": "Amortisation for the year\nEffect of movements in \nexchange rates",
            "Unnamed: 2": "3.3\n2.5\n(0.3)\n(0.7)",
            "Unnamed: 3": "5.8\n3.8\n\u2013\n2.6\n0.1\n12.3\n(1.0)\n\u2013\n\u2013\n\u2013\n\u2013\n(1.0)"
        },
        {
            "Page: 141": NaN,
            "Unnamed: 1": "Balance at 30 June 2024",
            "Unnamed: 2": "45.5\n83.0",
            "Unnamed: 3": "128.5\n22.0\n\u2013\n17.0\n4.4\n171.9"
        },
        {
            "Page: 141": NaN,
            "Unnamed: 1": "Carrying amounts\nAt 30 June 2024",
            "Unnamed: 2": "10.3\n16.8",
            "Unnamed: 3": "27.1\n20.7\n8.8\n8.7\n0.1\n65.4"
        },
        {
            "Page: 141": NaN,
            "Unnamed: 1": "At 30 June 2023",
            "Unnamed: 2": "13.8\n17.7",
            "Unnamed: 3": "31.5\n16.3\n7\n.0\n11.3\n0.1\n66.2"
        }
    ],
    "Lattice_Table_8": [
        {
            "Page: 146": NaN,
            "Unnamed: 1": NaN,
            "Unnamed: 2": "Plant, motor \nLand and \nvehicles and \nAssets under \nbuildings\nequipment\nconstruction\n\u00a3m\n\u00a3m\n\u00a3m",
            "Unnamed: 3": "Total  \nowned  \nassets\n\u00a3m",
            "Unnamed: 4": "Plant, motor \nLand and \nvehicles and \nbuildings\nequipment\n\u00a3m\n\u00a3m",
            "Unnamed: 5": "Total  \nright-of-use\nassets\nTotal\n\u00a3m\n\u00a3m"
        },
        {
            "Page: 146": NaN,
            "Unnamed: 1": "Cost or deemed cost\nBalance at 1 July 2022\nAdditions\nTransferred from assets held for sale\nTransfers\nDisposals\nEffect of movements in exchange rates",
            "Unnamed: 2": "100.2\n113.6\n29.6\n0.2\n3.1\n19.8\n0.2\n\u2013\n\u2013\n18.3\n12.1\n(30.4)\n(1.3)\n(3.7)\n(0.3)\n(6.4)\n(5.4)\n(1.8)",
            "Unnamed: 3": "243.4\n23.1\n0.2\n\u2013\n(5.3)\n(13.6)",
            "Unnamed: 4": "31.5\n28.4\n2.0\n8.9\n\u2013\n\u2013\n\u2013\n\u2013\n\u2013\n(4.9)\n(1.8)\n(0.8)",
            "Unnamed: 5": "59.9\n303.3\n10.9\n34.0\n\u2013\n0.2\n\u2013\n\u2013\n(4.9)\n(10.2)\n(2.6)\n(16.2)"
        },
        {
            "Page: 146": NaN,
            "Unnamed: 1": "Balance at 30 June 2023",
            "Unnamed: 2": "111.2\n119.7\n16.9",
            "Unnamed: 3": "247.8",
            "Unnamed: 4": "31.7\n31.6",
            "Unnamed: 5": "63.3\n311.1"
        },
        {
            "Page: 146": NaN,
            "Unnamed: 1": "Additions\nBusiness combination (see note 41)\nTransfers\nDisposals\nEffect of movements in exchange rates",
            "Unnamed: 2": "1.4\n2.3\n12.8\n\u2013\n0.3\n\u2013\n11.3\n8.4\n(19.7)\n(0.2)\n(5.4)\n\u2013\n(1.3)\n(1.2)\n0.1",
            "Unnamed: 3": "16.5\n0.3\n\u2013\n(5.6)\n(2.4)",
            "Unnamed: 4": "32.7\n8.8\n0.4\n\u2013\n\u2013\n\u2013\n(2.5)\n(2.1)\n(1.1)\n0.5",
            "Unnamed: 5": "41.5\n58.0\n0.4\n0.7\n\u2013\n\u2013\n(4.6)\n(10.2)\n(0.6)\n(3.0)"
        },
        {
            "Page: 146": NaN,
            "Unnamed: 1": "Balance at 30 June 2024",
            "Unnamed: 2": "122.4\n124.1\n10.1",
            "Unnamed: 3": "256.6",
            "Unnamed: 4": "61.2\n38.8",
            "Unnamed: 5": "100.0\n356.6"
        },
        {
            "Page: 146": NaN,
            "Unnamed: 1": "Depreciation and impairment losses\nBalance at 1 July 2022\nDepreciation for the year \nDisposals \nEffect of movements in exchange rates",
            "Unnamed: 2": "32.2\n73.3\n\u2013\n5.6\n12.8\n\u2013\n(1.1)\n(2.7)\n\u2013\n(2.2)\n(3.6)\n\u2013",
            "Unnamed: 3": "105.5\n18.4\n(3.8)\n(5.8)",
            "Unnamed: 4": "11.4\n15.0\n4.6\n7\n.2\n\u2013\n(4.7)\n(0.7)\n(0.4)",
            "Unnamed: 5": "26.4\n131.9\n11.8\n30.2\n(4.7)\n(8.5)\n(1.1)\n(6.9)"
        },
        {
            "Page: 146": NaN,
            "Unnamed: 1": "Balance at 30 June 2023",
            "Unnamed: 2": "34.5\n79.8\n\u2013",
            "Unnamed: 3": "114.3",
            "Unnamed: 4": "15.3\n17.1",
            "Unnamed: 5": "32.4\n146.7"
        },
        {
            "Page: 146": NaN,
            "Unnamed: 1": "Depreciation for the year\nDisposals\nImpairment\nEffect of movements in exchange rates",
            "Unnamed: 2": "5.5\n12.9\n\u2013\n(0.1)\n(3.9)\n\u2013\n1.5\n0.2\n\u2013\n(0.4)\n(0.7)\n\u2013",
            "Unnamed: 3": "18.4\n(4.0)\n1.7\n(1.1)",
            "Unnamed: 4": "8.9\n7.4\n(2.3)\n(0.9)\n\u2013\n\u2013\n(0.7)\n0.5",
            "Unnamed: 5": "16.3\n34.7\n(3.2)\n(7.2)\n\u2013\n1.7\n(0.2)\n(1.3)"
        },
        {
            "Page: 146": NaN,
            "Unnamed: 1": "Balance at 30 June 2024",
            "Unnamed: 2": "41.0\n88.3\n\u2013",
            "Unnamed: 3": "129.3",
            "Unnamed: 4": "21.2\n24.1",
            "Unnamed: 5": "45.3\n174.6"
        },
        {
            "Page: 146": NaN,
            "Unnamed: 1": "Carrying amounts",
            "Unnamed: 2": NaN,
            "Unnamed: 3": NaN,
            "Unnamed: 4": NaN,
            "Unnamed: 5": NaN
        },
        {
            "Page: 146": NaN,
            "Unnamed: 1": "At 30 June 2024",
            "Unnamed: 2": "81.4\n35.8\n10.1",
            "Unnamed: 3": "127.3",
            "Unnamed: 4": "40.0\n14.7",
            "Unnamed: 5": "54.7\n182.0"
        },
        {
            "Page: 146": NaN,
            "Unnamed: 1": "At 30 June 2023",
            "Unnamed: 2": "76.7\n39.9\n16.9",
            "Unnamed: 3": "133.5",
            "Unnamed: 4": "16.4\n14.5",
            "Unnamed: 5": "30.9\n164.4"
        }
    ],
    "Lattice_Table_9": [
        {
            "Page: 186": NaN,
            "Unnamed: 1": NaN,
            "Unnamed: 2": "Leasehold\nimprovements \nEquipment \n\u00a3m\n\u00a3m",
            "Unnamed: 3": "Right-of-use\nOwned \nleased \nassets \nbuildings \nTotal \n\u00a3m\n\u00a3m\n\u00a3m"
        },
        {
            "Page: 186": NaN,
            "Unnamed: 1": "Cost\nBalance at 1 July 2023\nAdditions\nDisposals",
            "Unnamed: 2": "0.5\n0.3\n\u2013\n0.1\n\u2013\n(0.1)",
            "Unnamed: 3": "0.8\n1.2\n2.0\n0.1\n\u2013\n0.1\n(0.1)\n\u2013\n(0.1)"
        },
        {
            "Page: 186": NaN,
            "Unnamed: 1": "Balance at 30 June 2024",
            "Unnamed: 2": "0.5\n0.3",
            "Unnamed: 3": "0.8\n1.2\n2.0"
        },
        {
            "Page: 186": NaN,
            "Unnamed: 1": "Depreciation\nBalance at 1 July 2023\nDepreciation for the year\nDisposals",
            "Unnamed: 2": "0.3\n0.3\n0.1\n\u2013\n\u2013\n(0.1)",
            "Unnamed: 3": "0.6\n0.5\n1.1\n0.1\n0.2\n0.3\n(0.1)\n\u2013\n(0.1)"
        },
        {
            "Page: 186": NaN,
            "Unnamed: 1": "Balance at 30 June 2024",
            "Unnamed: 2": "0.4\n0.2",
            "Unnamed: 3": "0.6\n0.7\n1.3"
        },
        {
            "Page: 186": NaN,
            "Unnamed: 1": "Carrying amounts",
            "Unnamed: 2": NaN,
            "Unnamed: 3": NaN
        },
        {
            "Page: 186": NaN,
            "Unnamed: 1": "At 30 June 2024",
            "Unnamed: 2": "0.1\n0.1",
            "Unnamed: 3": "0.2\n0.5\n0.7"
        },
        {
            "Page: 186": NaN,
            "Unnamed: 1": "At 30 June 2023",
            "Unnamed: 2": "0.2\n\u2013",
            "Unnamed: 3": "0.2\n0.7\n0.9"
        }
    ]
}